runtime_addr,name,size,category,n_alive_tracks,cs1_dino_canyon,cs2_seaside,cs3_track4,cs4_track5
0x06028000,FUN_06000000,3530,TRACK_AGNOSTIC,4,546,608,594,608
0x06028DCA,FUN_06000DCA,1046,TRACK_DEAD,0,0,0,0,0
0x060291E0,FUN_060011E0,936,TRACK_DEAD,0,0,0,0,0
0x06029588,FUN_06001588,86,TRACK_DEAD,0,0,0,0,0
0x060295DE,FUN_060015DE,562,TRACK_PARTIAL,3,0,236,206,206
0x06029810,FUN_06001810,392,TRACK_DEAD,0,0,0,0,0
0x06029998,FUN_06001998,30,TRACK_DEAD,0,0,0,0,0
0x060299B6,FUN_060019B6,194,TRACK_DEAD,0,0,0,0,0
0x06029A78,FUN_06001A78,30,TRACK_AGNOSTIC,4,28,28,28,28
0x06029A96,FUN_06001A96,522,TRACK_AGNOSTIC,4,292,292,292,292
0x06029CA0,FUN_06001CA0,236,TRACK_AGNOSTIC,4,112,112,112,112
0x06029D8C,FUN_06001D8C,260,TRACK_AGNOSTIC,4,210,210,214,210
0x06029E90,FUN_06001E90,228,TRACK_AGNOSTIC,4,122,122,122,122
0x06029F74,FUN_06001F74,116,TRACK_AGNOSTIC,4,20,20,20,20
0x06029FE8,FUN_06001FE8,96,TRACK_AGNOSTIC,4,86,86,86,86
0x0602A048,FUN_06002048,208,TRACK_AGNOSTIC,4,124,124,124,124
0x0602A118,FUN_06002118,244,TRACK_AGNOSTIC,4,126,182,166,166
0x0602A20C,FUN_0600220C,152,TRACK_PARTIAL,3,0,112,96,96
0x0602A2A4,FUN_060022A4,88,TRACK_PARTIAL,1,0,52,0,0
0x0602A2FC,FUN_060022FC,116,TRACK_AGNOSTIC,4,110,110,110,110
0x0602A370,FUN_06002370,468,TRACK_AGNOSTIC,4,36,36,44,36
0x0602A544,FUN_06002544,288,TRACK_DEAD,0,0,0,0,0
0x0602A664,FUN_06002664,136,TRACK_DEAD,0,0,0,0,0
0x0602A6EC,FUN_060026EC,300,TRACK_AGNOSTIC,4,224,224,224,224
0x0602A818,FUN_06002818,224,TRACK_AGNOSTIC,4,190,212,190,212
0x0602A8F8,FUN_060028F8,2,TRACK_DEAD,0,0,0,0,0
0x0602A8FA,FUN_060028FA,94,TRACK_DEAD,0,0,0,0,0
0x0602A958,FUN_06002958,152,TRACK_AGNOSTIC,4,110,110,112,110
0x0602A9F0,FUN_060029F0,184,TRACK_AGNOSTIC,4,134,134,134,134
0x0602AAA8,FUN_06002AA8,14,TRACK_AGNOSTIC,4,12,12,12,12
0x0602AAB6,FUN_06002AB6,386,TRACK_AGNOSTIC,4,128,188,128,188
0x0602AC38,FUN_06002C38,30,TRACK_DEAD,0,0,0,0,0
0x0602AC56,FUN_06002C56,450,TRACK_DEAD,0,0,0,0,0
0x0602AE18,FUN_06002E18,44,TRACK_DEAD,0,0,0,0,0
0x0602AE44,FUN_06002E44,48,TRACK_DEAD,0,0,0,0,0
0x0602AE74,FUN_06002E74,356,TRACK_DEAD,0,0,0,0,0
0x0602AFD8,FUN_06002FD8,60,TRACK_DEAD,0,0,0,0,0
0x0602B014,FUN_06003014,236,TRACK_DEAD,0,0,0,0,0
0x0602B100,FUN_06003100,192,TRACK_DEAD,0,0,0,0,0
0x0602B1C0,FUN_060031C0,108,TRACK_AGNOSTIC,4,8,8,8,8
0x0602B22C,FUN_0600322C,1192,TRACK_DEAD,0,0,0,0,0
0x0602B6D4,FUN_060036D4,28,TRACK_AGNOSTIC,4,26,26,26,26
0x0602B6F0,FUN_060036F0,968,TRACK_AGNOSTIC,4,524,524,524,524
0x0602BAB8,FUN_06003AB8,26,TRACK_AGNOSTIC,4,24,24,24,24
0x0602BAD2,FUN_06003AD2,778,TRACK_AGNOSTIC,4,256,256,256,256
0x0602BDDC,FUN_06003DDC,226,TRACK_AGNOSTIC,4,162,162,162,162
0x0602BEBE,FUN_06003EBE,484,TRACK_AGNOSTIC,4,302,302,302,302
0x0602C0A2,FUN_060040A2,384,TRACK_DEAD,0,0,0,0,0
0x0602C222,FUN_06004222,470,TRACK_AGNOSTIC,4,28,28,28,28
0x0602C3F8,FUN_060043F8,98,TRACK_AGNOSTIC,4,66,66,66,66
0x0602C45A,FUN_0600445A,320,TRACK_DEAD,0,0,0,0,0
0x0602C59A,FUN_0600459A,344,TRACK_DEAD,0,0,0,0,0
0x0602C6F2,FUN_060046F2,114,TRACK_DEAD,0,0,0,0,0
0x0602C764,FUN_06004764,96,TRACK_AGNOSTIC,4,40,40,40,40
0x0602C7C4,FUN_060047C4,144,TRACK_DEAD,0,0,0,0,0
0x0602C854,FUN_06004854,214,TRACK_DEAD,0,0,0,0,0
0x0602C92A,FUN_0600492A,234,TRACK_DEAD,0,0,0,0,0
0x0602CA14,FUN_06004A14,274,TRACK_DEAD,0,0,0,0,0
0x0602CB26,FUN_06004B26,2,TRACK_DEAD,0,0,0,0,0
0x0602CB28,FUN_06004B28,332,TRACK_AGNOSTIC,4,282,282,282,282
0x0602CC74,FUN_06004C74,292,TRACK_AGNOSTIC,4,10,10,10,10
0x0602CD98,FUN_06004D98,376,TRACK_DEAD,0,0,0,0,0
0x0602CF10,FUN_06004F10,322,TRACK_DEAD,0,0,0,0,0
0x0602D052,FUN_06005052,176,TRACK_AGNOSTIC,4,58,58,58,58
0x0602D102,FUN_06005102,56,TRACK_AGNOSTIC,4,52,52,52,52
0x0602D13A,FUN_0600513A,310,TRACK_AGNOSTIC,4,76,76,76,76
0x0602D270,FUN_06005270,274,TRACK_AGNOSTIC,4,86,86,86,86
0x0602D382,FUN_06005382,16,TRACK_DEAD,0,0,0,0,0
0x0602D392,FUN_06005392,318,TRACK_AGNOSTIC,4,114,114,114,114
0x0602D4D0,FUN_060054D0,96,TRACK_DEAD,0,0,0,0,0
0x0602D530,FUN_06005530,604,TRACK_DEAD,0,0,0,0,0
0x0602D78C,FUN_0600578C,142,TRACK_DEAD,0,0,0,0,0
0x0602D81A,FUN_0600581A,92,TRACK_DEAD,0,0,0,0,0
0x0602D876,FUN_06005876,62,TRACK_DEAD,0,0,0,0,0
0x0602D8B4,FUN_060058B4,316,TRACK_DEAD,0,0,0,0,0
0x0602D9F0,FUN_060059F0,190,TRACK_DEAD,0,0,0,0,0
0x0602DAAE,FUN_06005AAE,302,TRACK_DEAD,0,0,0,0,0
0x0602DBDC,FUN_06005BDC,164,TRACK_AGNOSTIC,4,142,142,142,142
0x0602DC80,FUN_06005C80,194,TRACK_DEAD,0,0,0,0,0
0x0602DD42,FUN_06005D42,14,TRACK_AGNOSTIC,4,12,12,12,12
0x0602DD50,FUN_06005D50,16,TRACK_DEAD,0,0,0,0,0
0x0602DD60,FUN_06005D60,252,TRACK_DEAD,0,0,0,0,0
0x0602DE5C,FUN_06005E5C,132,TRACK_DEAD,0,0,0,0,0
0x0602DEE0,FUN_06005EE0,188,TRACK_AGNOSTIC,4,170,170,170,170
0x0602DF9C,FUN_06005F9C,160,TRACK_AGNOSTIC,4,88,88,88,88
0x0602E03C,FUN_0600603C,88,TRACK_DEAD,0,0,0,0,0
0x0602E094,FUN_06006094,108,TRACK_AGNOSTIC,4,50,50,50,50
0x0602E100,FUN_06006100,358,TRACK_PARTIAL,3,0,166,166,166
0x0602E266,FUN_06006266,268,TRACK_PARTIAL,1,0,140,0,0
0x0602E372,FUN_06006372,130,TRACK_PARTIAL,3,0,38,38,38
0x0602E3F4,FUN_060063F4,324,TRACK_DEAD,0,0,0,0,0
0x0602E538,FUN_06006538,12,TRACK_DEAD,0,0,0,0,0
0x0602E544,FUN_06006544,100,TRACK_DEAD,0,0,0,0,0
0x0602E5A8,FUN_060065A8,24,TRACK_AGNOSTIC,4,18,18,18,18
0x0602E5C0,FUN_060065C0,24,TRACK_DEAD,0,0,0,0,0
0x0602E5D8,FUN_060065D8,56,TRACK_DEAD,0,0,0,0,0
0x0602E610,FUN_06006610,352,TRACK_AGNOSTIC,4,246,246,246,246
0x0602E770,FUN_06006770,124,TRACK_DEAD,0,0,0,0,0
0x0602E7EC,FUN_060067EC,10,TRACK_DEAD,0,0,0,0,0
0x0602E7F6,FUN_060067F6,146,TRACK_DEAD,0,0,0,0,0
0x0602E888,FUN_06006888,22,TRACK_DEAD,0,0,0,0,0
0x0602E89E,FUN_0600689E,18,TRACK_DEAD,0,0,0,0,0
0x0602E8B0,FUN_060068B0,8,TRACK_PARTIAL,1,0,0,0,6
0x0602E8B8,FUN_060068B8,208,TRACK_PARTIAL,1,0,0,0,32
0x0602E988,FUN_06006988,228,TRACK_AGNOSTIC,4,56,56,56,214
0x0602EA6C,FUN_06006A6C,118,TRACK_DEAD,0,0,0,0,0
0x0602EAE2,FUN_06006AE2,414,TRACK_DEAD,0,0,0,0,0
0x0602EC80,FUN_06006C80,42,TRACK_DEAD,0,0,0,0,0
0x0602ECAA,FUN_06006CAA,180,TRACK_PARTIAL,1,0,0,0,54
0x0602ED5E,FUN_06006D5E,38,TRACK_DEAD,0,0,0,0,0
0x0602ED84,FUN_06006D84,212,TRACK_DEAD,0,0,0,0,0
0x0602EE58,FUN_06006E58,12,TRACK_DEAD,0,0,0,0,0
0x0602EE64,FUN_06006E64,64,TRACK_DEAD,0,0,0,0,0
0x0602EEA4,FUN_06006EA4,44,TRACK_DEAD,0,0,0,0,0
0x0602EED0,FUN_06006ED0,10,TRACK_DEAD,0,0,0,0,0
0x0602EEDA,FUN_06006EDA,130,TRACK_DEAD,0,0,0,0,0
0x0602EF5C,FUN_06006F5C,136,TRACK_DEAD,0,0,0,0,0
0x0602EFE4,FUN_06006FE4,142,TRACK_PARTIAL,3,64,64,0,64
0x0602F072,FUN_06007072,162,TRACK_AGNOSTIC,4,70,70,70,70
0x0602F114,FUN_06007114,100,TRACK_DEAD,0,0,0,0,0
0x0602F178,FUN_06007178,148,TRACK_AGNOSTIC,4,110,110,110,110
0x0602F20C,FUN_0600720C,104,TRACK_AGNOSTIC,4,98,98,98,98
0x0602F274,FUN_06007274,68,TRACK_AGNOSTIC,4,62,62,62,62
0x0602F2B8,FUN_060072B8,82,TRACK_DEAD,0,0,0,0,0
0x0602F30A,FUN_0600730A,24,TRACK_DEAD,0,0,0,0,0
0x0602F322,FUN_06007322,16,TRACK_DEAD,0,0,0,0,0
0x0602F332,FUN_06007332,190,TRACK_DEAD,0,0,0,0,0
0x0602F3F0,FUN_060073F0,182,TRACK_DEAD,0,0,0,0,0
0x0602F4A6,FUN_060074A6,90,TRACK_DEAD,0,0,0,0,0
0x0602F500,FUN_06007500,28,TRACK_DEAD,0,0,0,0,0
0x0602F51C,FUN_0600751C,150,TRACK_DEAD,0,0,0,0,0
0x0602F5B2,FUN_060075B2,170,TRACK_DEAD,0,0,0,0,0
0x0602F65C,FUN_0600765C,356,TRACK_DEAD,0,0,0,0,0
0x0602F7C0,FUN_060077C0,138,TRACK_DEAD,0,0,0,0,0
0x0602F84A,FUN_0600784A,158,TRACK_DEAD,0,0,0,0,0
0x0602F8E8,FUN_060078E8,24,TRACK_AGNOSTIC,4,22,22,22,22
0x0602F900,FUN_06007900,64,TRACK_AGNOSTIC,4,16,16,16,16
0x0602F940,FUN_06007940,26,TRACK_DEAD,0,0,0,0,0
0x0602F95A,FUN_0600795A,142,TRACK_DEAD,0,0,0,0,0
0x0602F9E8,FUN_060079E8,32,TRACK_DEAD,0,0,0,0,0
0x0602FA08,FUN_06007A08,108,TRACK_DEAD,0,0,0,0,0
0x0602FA74,FUN_06007A74,20,TRACK_AGNOSTIC,4,16,16,16,16
0x0602FA88,FUN_06007A88,16,TRACK_DEAD,0,0,0,0,0
0x0602FA98,FUN_06007A98,84,TRACK_DEAD,0,0,0,0,0
0x0602FAEC,FUN_06007AEC,8,TRACK_DEAD,0,0,0,0,0
0x0602FAF4,FUN_06007AF4,4,TRACK_DEAD,0,0,0,0,0
0x0602FAF8,FUN_06007AF8,156,TRACK_DEAD,0,0,0,0,0
0x0602FB94,FUN_06007B94,12,TRACK_DEAD,0,0,0,0,0
0x0602FBA0,FUN_06007BA0,240,TRACK_DEAD,0,0,0,0,0
0x0602FC90,FUN_06007C90,68,TRACK_DEAD,0,0,0,0,0
0x0602FCD4,FUN_06007CD4,42,TRACK_DEAD,0,0,0,0,0
0x0602FCFE,FUN_06007CFE,58,TRACK_AGNOSTIC,4,50,50,50,50
0x0602FD38,FUN_06007D38,12,TRACK_DEAD,0,0,0,0,0
0x0602FD44,FUN_06007D44,80,TRACK_DEAD,0,0,0,0,0
0x0602FD94,FUN_06007D94,346,TRACK_DEAD,0,0,0,0,0
0x0602FEEE,FUN_06007EEE,210,TRACK_DEAD,0,0,0,0,0
0x0602FFC0,FUN_06007FC0,36,TRACK_DEAD,0,0,0,0,0
0x0602FFE4,FUN_06007FE4,10,TRACK_DEAD,0,0,0,0,0
0x0602FFEE,FUN_06007FEE,162,TRACK_PARTIAL,3,24,24,0,24
0x06030090,FUN_06008090,26,TRACK_AGNOSTIC,4,24,24,24,24
0x060300AA,FUN_060080AA,920,TRACK_AGNOSTIC,4,180,180,180,704
0x06030442,FUN_06008442,222,TRACK_DEAD,0,0,0,0,0
0x06030520,FUN_06008520,522,TRACK_DEAD,0,0,0,0,0
0x0603072A,FUN_0600872A,118,TRACK_DEAD,0,0,0,0,0
0x060307A0,FUN_060087A0,132,TRACK_DEAD,0,0,0,0,0
0x06030824,FUN_06008824,156,TRACK_DEAD,0,0,0,0,0
0x060308C0,FUN_060088C0,348,TRACK_DEAD,0,0,0,0,0
0x06030A1C,FUN_06008A1C,44,TRACK_DEAD,0,0,0,0,0
0x06030A48,FUN_06008A48,20,TRACK_DEAD,0,0,0,0,0
0x06030A5C,FUN_06008A5C,36,TRACK_DEAD,0,0,0,0,0
0x06030A80,FUN_06008A80,14,TRACK_DEAD,0,0,0,0,0
0x06030A8E,FUN_06008A8E,74,TRACK_DEAD,0,0,0,0,0
0x06030AD8,FUN_06008AD8,34,TRACK_DEAD,0,0,0,0,0
0x06030AFA,FUN_06008AFA,22,TRACK_AGNOSTIC,4,20,20,20,20
0x06030B10,FUN_06008B10,108,TRACK_AGNOSTIC,4,94,94,94,96
0x06030B7C,FUN_06008B7C,40,TRACK_DEAD,0,0,0,0,0
0x06030BA4,FUN_06008BA4,20,TRACK_DEAD,0,0,0,0,0
0x06030BB8,FUN_06008BB8,108,TRACK_DEAD,0,0,0,0,0
0x06030C24,FUN_06008C24,54,TRACK_DEAD,0,0,0,0,0
0x06030C5A,FUN_06008C5A,34,TRACK_DEAD,0,0,0,0,0
0x06030C7C,FUN_06008C7C,34,TRACK_DEAD,0,0,0,0,0
0x06030C9E,FUN_06008C9E,12,TRACK_PARTIAL,3,0,10,10,10
0x06030CAA,FUN_06008CAA,118,TRACK_AGNOSTIC,4,26,74,74,74
0x06030D20,FUN_06008D20,144,TRACK_AGNOSTIC,4,124,124,90,124
0x06030DB0,FUN_06008DB0,62,TRACK_DEAD,0,0,0,0,0
0x06030DEE,FUN_06008DEE,68,TRACK_DEAD,0,0,0,0,0
0x06030E32,FUN_06008E32,22,TRACK_DEAD,0,0,0,0,0
0x06030E48,FUN_06008E48,128,TRACK_DEAD,0,0,0,0,0
0x06030EC8,FUN_06008EC8,140,TRACK_DEAD,0,0,0,0,0
0x06030F54,FUN_06008F54,180,TRACK_DEAD,0,0,0,0,0
0x06031008,FUN_06009008,24,TRACK_PARTIAL,3,22,22,0,22
0x06031020,FUN_06009020,704,TRACK_PARTIAL,3,254,258,0,266
0x060312E0,FUN_060092E0,284,TRACK_DEAD,0,0,0,0,0
0x060313FC,FUN_060093FC,590,TRACK_AGNOSTIC,4,168,184,116,168
0x0603164A,FUN_0600964A,238,TRACK_DEAD,0,0,0,0,0
0x06031738,FUN_06009738,116,TRACK_DEAD,0,0,0,0,0
0x060317AC,FUN_060097AC,156,TRACK_DEAD,0,0,0,0,0
0x06031848,FUN_06009848,448,TRACK_DEAD,0,0,0,0,0
0x06031A08,FUN_06009A08,260,TRACK_DEAD,0,0,0,0,0
0x06031B0C,FUN_06009B0C,120,TRACK_DEAD,0,0,0,0,0
0x06031B84,FUN_06009B84,8,TRACK_DEAD,0,0,0,0,0
0x06031B8C,FUN_06009B8C,86,TRACK_DEAD,0,0,0,0,0
0x06031BE2,FUN_06009BE2,224,TRACK_DEAD,0,0,0,0,0
0x06031CC2,FUN_06009CC2,312,TRACK_DEAD,0,0,0,0,0
0x06031DFA,FUN_06009DFA,306,TRACK_DEAD,0,0,0,0,0
0x06031F2C,FUN_06009F2C,228,TRACK_DEAD,0,0,0,0,0
0x06032010,FUN_0600A010,140,TRACK_DEAD,0,0,0,0,0
0x0603209C,FUN_0600A09C,516,TRACK_DEAD,0,0,0,0,0
0x060322A0,FUN_0600A2A0,172,TRACK_DEAD,0,0,0,0,0
0x0603234C,FUN_0600A34C,412,TRACK_AGNOSTIC,4,310,310,310,310
0x060324E8,FUN_0600A4E8,68,TRACK_DEAD,0,0,0,0,0
0x0603252C,FUN_0600A52C,328,TRACK_DEAD,0,0,0,0,0
0x06032674,FUN_0600A674,584,TRACK_DEAD,0,0,0,0,0
0x060328BC,FUN_0600A8BC,92,TRACK_DEAD,0,0,0,0,0
0x06032918,FUN_0600A918,408,TRACK_DEAD,0,0,0,0,0
0x06032AB0,FUN_0600AAB0,252,TRACK_DEAD,0,0,0,0,0
0x06032BAC,FUN_0600ABAC,540,TRACK_DEAD,0,0,0,0,0
0x06032DC8,FUN_0600ADC8,20,TRACK_DEAD,0,0,0,0,0
0x06032DDC,FUN_0600ADDC,56,TRACK_DEAD,0,0,0,0,0
0x06032E14,FUN_0600AE14,48,TRACK_DEAD,0,0,0,0,0
0x06032E44,FUN_0600AE44,620,TRACK_DEAD,0,0,0,0,0
0x060330B0,FUN_0600B0B0,96,TRACK_DEAD,0,0,0,0,0
0x06033110,FUN_0600B110,404,TRACK_DEAD,0,0,0,0,0
0x060332A4,FUN_0600B2A4,200,TRACK_DEAD,0,0,0,0,0
0x0603336C,FUN_0600B36C,226,TRACK_DEAD,0,0,0,0,0
0x0603344E,FUN_0600B44E,24,TRACK_DEAD,0,0,0,0,0
0x06033466,FUN_0600B466,214,TRACK_DEAD,0,0,0,0,0
0x0603353C,FUN_0600B53C,168,TRACK_DEAD,0,0,0,0,0
0x060335E4,FUN_0600B5E4,228,TRACK_DEAD,0,0,0,0,0
0x060336C8,FUN_0600B6C8,80,TRACK_DEAD,0,0,0,0,0
0x06033718,FUN_0600B718,280,TRACK_DEAD,0,0,0,0,0
0x06033830,FUN_0600B830,320,TRACK_DEAD,0,0,0,0,0
0x06033970,FUN_0600B970,264,TRACK_DEAD,0,0,0,0,0
0x06033A78,FUN_0600BA78,52,TRACK_DEAD,0,0,0,0,0
0x06033AAC,FUN_0600BAAC,78,TRACK_DEAD,0,0,0,0,0
0x06033AFA,FUN_0600BAFA,52,TRACK_DEAD,0,0,0,0,0
0x06033B2E,FUN_0600BB2E,54,TRACK_DEAD,0,0,0,0,0
0x06033B64,FUN_0600BB64,116,TRACK_DEAD,0,0,0,0,0
0x06033BD8,FUN_0600BBD8,230,TRACK_DEAD,0,0,0,0,0
0x06033CBE,FUN_0600BCBE,266,TRACK_DEAD,0,0,0,0,0
0x06033DC8,FUN_0600BDC8,1720,TRACK_DEAD,0,0,0,0,0
0x06034480,FUN_0600C480,456,TRACK_DEAD,0,0,0,0,0
0x06034648,FUN_0600C648,160,TRACK_DEAD,0,0,0,0,0
0x060346E8,FUN_0600C6E8,80,TRACK_DEAD,0,0,0,0,0
0x06034738,FUN_0600C738,252,TRACK_DEAD,0,0,0,0,0
0x06034834,FUN_0600C834,122,TRACK_DEAD,0,0,0,0,0
0x060348AE,FUN_0600C8AE,86,TRACK_DEAD,0,0,0,0,0
0x06034904,FUN_0600C904,196,TRACK_DEAD,0,0,0,0,0
0x060349C8,FUN_0600C9C8,216,TRACK_DEAD,0,0,0,0,0
0x06034AA0,FUN_0600CAA0,258,TRACK_DEAD,0,0,0,0,0
0x06034BA2,FUN_0600CBA2,58,TRACK_DEAD,0,0,0,0,0
0x06034BDC,FUN_0600CBDC,4,TRACK_DEAD,0,0,0,0,0
0x06034BE0,FUN_0600CBE0,144,TRACK_DEAD,0,0,0,0,0
0x06034C70,FUN_0600CC70,124,TRACK_DEAD,0,0,0,0,0
0x06034CEC,FUN_0600CCEC,70,TRACK_DEAD,0,0,0,0,0
0x06034D32,FUN_0600CD32,94,TRACK_DEAD,0,0,0,0,0
0x06034D90,FUN_0600CD90,428,TRACK_DEAD,0,0,0,0,0
0x06034F3C,FUN_0600CF3C,24,TRACK_DEAD,0,0,0,0,0
0x06034F54,FUN_0600CF54,632,TRACK_DEAD,0,0,0,0,0
0x060351CC,FUN_0600D1CC,302,TRACK_AGNOSTIC,4,104,104,104,104
0x060352FA,FUN_0600D2FA,310,TRACK_AGNOSTIC,4,20,20,20,20
0x06035430,FUN_0600D430,112,TRACK_DEAD,0,0,0,0,0
0x060354A0,FUN_0600D4A0,388,TRACK_AGNOSTIC,4,292,294,292,292
0x06035624,FUN_0600D624,212,TRACK_AGNOSTIC,4,166,166,160,170
0x060356F8,FUN_0600D6F8,80,TRACK_AGNOSTIC,4,32,32,32,32
0x06035748,FUN_0600D748,8,TRACK_AGNOSTIC,4,6,6,6,6
0x06035750,FUN_0600D750,436,TRACK_AGNOSTIC,4,212,308,312,292
0x06035904,FUN_0600D904,522,TRACK_AGNOSTIC,4,438,462,462,462
0x06035B0E,FUN_0600DB0E,34,TRACK_AGNOSTIC,4,32,32,22,32
0x06035B30,FUN_0600DB30,296,TRACK_AGNOSTIC,4,194,194,194,194
0x06035C58,FUN_0600DC58,64,TRACK_AGNOSTIC,4,46,46,46,46
0x06035C98,FUN_0600DC98,592,TRACK_AGNOSTIC,4,446,450,450,450
0x06035EE8,FUN_0600DEE8,96,TRACK_AGNOSTIC,4,82,82,78,82
0x06035F48,FUN_0600DF48,980,TRACK_AGNOSTIC,4,684,686,716,716
0x0603631C,FUN_0600E31C,1108,TRACK_AGNOSTIC,4,98,98,98,98
0x06036770,FUN_0600E770,32,TRACK_DEAD,0,0,0,0,0
0x06036790,FUN_0600E790,10,TRACK_AGNOSTIC,4,8,8,8,8
0x0603679A,FUN_0600E79A,110,TRACK_AGNOSTIC,4,86,86,86,86
0x06036808,FUN_0600E808,204,TRACK_PARTIAL,3,0,146,144,144
0x060368D4,FUN_0600E8D4,64,TRACK_AGNOSTIC,4,46,46,46,46
0x06036914,FUN_0600E914,52,TRACK_AGNOSTIC,4,50,50,50,50
0x06036948,FUN_0600E948,72,TRACK_AGNOSTIC,4,68,68,68,68
0x06036990,FUN_0600E990,224,TRACK_AGNOSTIC,4,206,206,206,206
0x06036A70,FUN_0600EA70,56,TRACK_AGNOSTIC,4,40,40,40,40
0x06036AA8,FUN_0600EAA8,14,TRACK_AGNOSTIC,4,12,12,12,12
0x06036AB6,FUN_0600EAB6,170,TRACK_AGNOSTIC,4,132,132,132,132
0x06036B60,FUN_0600EB60,14,TRACK_DEAD,0,0,0,0,0
0x06036B6E,FUN_0600EB6E,74,TRACK_DEAD,0,0,0,0,0
0x06036BB8,FUN_0600EBB8,14,TRACK_AGNOSTIC,4,12,12,12,12
0x06036BC6,FUN_0600EBC6,306,TRACK_AGNOSTIC,4,256,256,256,256
0x06036CF8,FUN_0600ECF8,90,TRACK_AGNOSTIC,4,56,56,56,56
0x06036D52,FUN_0600ED52,42,TRACK_AGNOSTIC,4,32,32,32,32
0x06036D7C,FUN_0600ED7C,42,TRACK_DEAD,0,0,0,0,0
0x06036DA6,FUN_0600EDA6,198,TRACK_DEAD,0,0,0,0,0
0x06036E6C,FUN_0600EE6C,36,TRACK_PARTIAL,3,28,28,0,28
0x06036E90,FUN_0600EE90,36,TRACK_DEAD,0,0,0,0,0
0x06036EB4,FUN_0600EEB4,540,TRACK_AGNOSTIC,4,228,236,228,228
0x060370D0,FUN_0600F0D0,150,TRACK_AGNOSTIC,4,82,82,82,82
0x06037166,FUN_0600F166,810,TRACK_AGNOSTIC,4,104,104,94,104
0x06037490,FUN_0600F490,456,TRACK_AGNOSTIC,4,214,214,2,214
0x06037658,FUN_0600F658,4,TRACK_AGNOSTIC,4,4,4,4,4
0x0603765C,FUN_0600F65C,1340,TRACK_AGNOSTIC,4,516,736,680,768
0x06037B98,FUN_0600FB98,96,TRACK_AGNOSTIC,4,82,82,82,82
0x06037BF8,FUN_0600FBF8,560,TRACK_AGNOSTIC,4,30,40,40,40
0x06037E28,FUN_0600FE28,1692,TRACK_AGNOSTIC,4,534,534,370,534
0x060384C4,FUN_060104C4,266,TRACK_AGNOSTIC,4,232,232,232,232
0x060385CE,FUN_060105CE,266,TRACK_AGNOSTIC,4,128,128,174,128
0x060386D8,FUN_060106D8,938,TRACK_AGNOSTIC,4,768,768,748,774
0x06038A82,FUN_06010A82,2,TRACK_DEAD,0,0,0,0,0
0x06038A84,FUN_06010A84,320,TRACK_AGNOSTIC,4,146,146,146,146
0x06038BC4,FUN_06010BC4,8,TRACK_DEAD,0,0,0,0,0
0x06038BCC,FUN_06010BCC,152,TRACK_DEAD,0,0,0,0,0
0x06038C64,FUN_06010C64,372,TRACK_AGNOSTIC,4,242,242,220,242
0x06038DD8,FUN_06010DD8,20,TRACK_AGNOSTIC,4,18,18,18,18
0x06038DEC,FUN_06010DEC,552,TRACK_AGNOSTIC,4,202,232,174,244
0x06039014,FUN_06011014,6,TRACK_AGNOSTIC,4,4,4,4,4
0x0603901A,FUN_0601101A,246,TRACK_AGNOSTIC,4,208,204,204,204
0x06039110,FUN_06011110,242,TRACK_AGNOSTIC,4,90,90,90,90
0x06039202,FUN_06011202,2,TRACK_DEAD,0,0,0,0,0
0x06039204,FUN_06011204,390,TRACK_DEAD,0,0,0,0,0
0x0603938A,FUN_0601138A,2,TRACK_DEAD,0,0,0,0,0
0x0603938C,FUN_0601138C,284,TRACK_AGNOSTIC,4,68,68,68,68
0x060394A8,FUN_060114A8,708,TRACK_DEAD,0,0,0,0,0
0x0603976C,FUN_0601176C,824,TRACK_AGNOSTIC,4,200,214,92,200
0x06039AA4,FUN_06011AA4,236,TRACK_AGNOSTIC,4,48,48,48,48
0x06039B90,FUN_06011B90,84,TRACK_AGNOSTIC,4,34,34,34,34
0x06039BE4,FUN_06011BE4,488,TRACK_AGNOSTIC,4,256,376,376,376
0x06039DCC,FUN_06011DCC,268,TRACK_AGNOSTIC,4,80,80,80,80
0x06039ED8,FUN_06011ED8,716,TRACK_AGNOSTIC,4,156,156,156,156
0x0603A1A4,FUN_060121A4,932,TRACK_DEAD,0,0,0,0,0
0x0603A548,FUN_06012548,8,TRACK_DEAD,0,0,0,0,0
0x0603A550,FUN_06012550,256,TRACK_AGNOSTIC,4,56,56,56,56
0x0603A650,FUN_06012650,80,TRACK_DEAD,0,0,0,0,0
0x0603A6A0,FUN_060126A0,28,TRACK_DEAD,0,0,0,0,0
0x0603A6BC,FUN_060126BC,212,TRACK_DEAD,0,0,0,0,0
0x0603A790,FUN_06012790,48,TRACK_DEAD,0,0,0,0,0
0x0603A7C0,FUN_060127C0,852,TRACK_DEAD,0,0,0,0,0
0x0603AB14,FUN_06012B14,82,TRACK_DEAD,0,0,0,0,0
0x0603AB66,FUN_06012B66,12,TRACK_DEAD,0,0,0,0,0
0x0603AB72,FUN_06012B72,922,TRACK_DEAD,0,0,0,0,0
0x0603AF0C,FUN_06012F0C,44,TRACK_DEAD,0,0,0,0,0
0x0603AF38,FUN_06012F38,796,TRACK_DEAD,0,0,0,0,0
0x0603B254,FUN_06013254,48,TRACK_DEAD,0,0,0,0,0
0x0603B284,FUN_06013284,532,TRACK_DEAD,0,0,0,0,0
0x0603B498,FUN_06013498,12,TRACK_DEAD,0,0,0,0,0
0x0603B4A4,FUN_060134A4,600,TRACK_DEAD,0,0,0,0,0
0x0603B6FC,FUN_060136FC,580,TRACK_DEAD,0,0,0,0,0
0x0603B940,FUN_06013940,58,TRACK_DEAD,0,0,0,0,0
0x0603B97A,FUN_0601397A,378,TRACK_DEAD,0,0,0,0,0
0x0603BAF4,FUN_06013AF4,216,TRACK_DEAD,0,0,0,0,0
0x0603BBCC,FUN_06013BCC,172,TRACK_DEAD,0,0,0,0,0
0x0603BC78,FUN_06013C78,660,TRACK_DEAD,0,0,0,0,0
0x0603BF0C,FUN_06013F0C,20,TRACK_DEAD,0,0,0,0,0
0x0603BF20,FUN_06013F20,58,TRACK_DEAD,0,0,0,0,0
0x0603BF5A,FUN_06013F5A,70,TRACK_DEAD,0,0,0,0,0
0x0603BFA0,FUN_06013FA0,8,TRACK_DEAD,0,0,0,0,0
0x0603BFA8,FUN_06013FA8,64,TRACK_DEAD,0,0,0,0,0
0x0603BFE8,FUN_06013FE8,22,TRACK_DEAD,0,0,0,0,0
0x0603BFFE,FUN_06013FFE,150,TRACK_DEAD,0,0,0,0,0
0x0603C094,FUN_06014094,284,TRACK_DEAD,0,0,0,0,0
0x0603C1B0,FUN_060141B0,196,TRACK_DEAD,0,0,0,0,0
0x0603C274,FUN_06014274,72,TRACK_DEAD,0,0,0,0,0
0x0603C2BC,FUN_060142BC,72,TRACK_DEAD,0,0,0,0,0
0x0603C304,FUN_06014304,52,TRACK_DEAD,0,0,0,0,0
0x0603C338,FUN_06014338,12,TRACK_DEAD,0,0,0,0,0
0x0603C344,FUN_06014344,296,TRACK_DEAD,0,0,0,0,0
0x0603C46C,FUN_0601446C,12,TRACK_DEAD,0,0,0,0,0
0x0603C478,FUN_06014478,340,TRACK_DEAD,0,0,0,0,0
0x0603C5CC,FUN_060145CC,212,TRACK_AGNOSTIC,4,108,108,68,108
0x0603C6A0,FUN_060146A0,246,TRACK_DEAD,0,0,0,0,0
0x0603C796,FUN_06014796,14,TRACK_DEAD,0,0,0,0,0
0x0603C7A4,FUN_060147A4,456,TRACK_DEAD,0,0,0,0,0
0x0603C96C,FUN_0601496C,4,TRACK_DEAD,0,0,0,0,0
0x0603C970,FUN_06014970,36,TRACK_DEAD,0,0,0,0,0
0x0603C994,FUN_06014994,724,TRACK_DEAD,0,0,0,0,0
0x0603CC68,FUN_06014C68,202,TRACK_DEAD,0,0,0,0,0
0x0603CD32,FUN_06014D32,166,TRACK_DEAD,0,0,0,0,0
0x0603CDD8,FUN_06014DD8,6,TRACK_DEAD,0,0,0,0,0
0x0603CDDE,FUN_06014DDE,170,TRACK_DEAD,0,0,0,0,0
0x0603CE88,FUN_06014E88,578,TRACK_DEAD,0,0,0,0,0
0x0603D0CA,FUN_060150CA,1028,TRACK_DEAD,0,0,0,0,0
0x0603D4CE,FUN_060154CE,2,TRACK_DEAD,0,0,0,0,0
0x0603D4D0,FUN_060154D0,4,TRACK_DEAD,0,0,0,0,0
0x0603D4D4,FUN_060154D4,132,TRACK_DEAD,0,0,0,0,0
0x0603D558,FUN_06015558,20,TRACK_DEAD,0,0,0,0,0
0x0603D56C,FUN_0601556C,376,TRACK_DEAD,0,0,0,0,0
0x0603D6E4,FUN_060156E4,32,TRACK_DEAD,0,0,0,0,0
0x0603D704,FUN_06015704,636,TRACK_DEAD,0,0,0,0,0
0x0603D980,FUN_06015980,24,TRACK_DEAD,0,0,0,0,0
0x0603D998,FUN_06015998,224,TRACK_DEAD,0,0,0,0,0
0x0603DA78,FUN_06015A78,116,TRACK_DEAD,0,0,0,0,0
0x0603DAEC,FUN_06015AEC,176,TRACK_DEAD,0,0,0,0,0
0x0603DB9C,FUN_06015B9C,256,TRACK_DEAD,0,0,0,0,0
0x0603DC9C,FUN_06015C9C,6,TRACK_DEAD,0,0,0,0,0
0x0603DCA2,FUN_06015CA2,118,TRACK_DEAD,0,0,0,0,0
0x0603DD18,FUN_06015D18,150,TRACK_DEAD,0,0,0,0,0
0x0603DDAE,FUN_06015DAE,186,TRACK_DEAD,0,0,0,0,0
0x0603DE68,FUN_06015E68,84,TRACK_DEAD,0,0,0,0,0
0x0603DEBC,FUN_06015EBC,108,TRACK_DEAD,0,0,0,0,0
0x0603DF28,FUN_06015F28,92,TRACK_DEAD,0,0,0,0,0
0x0603DF84,FUN_06015F84,310,TRACK_DEAD,0,0,0,0,0
0x0603E0BA,FUN_060160BA,146,TRACK_DEAD,0,0,0,0,0
0x0603E14C,FUN_0601614C,500,TRACK_DEAD,0,0,0,0,0
0x0603E340,FUN_06016340,16,TRACK_DEAD,0,0,0,0,0
0x0603E350,FUN_06016350,84,TRACK_DEAD,0,0,0,0,0
0x0603E3A4,FUN_060163A4,68,TRACK_DEAD,0,0,0,0,0
0x0603E3E8,FUN_060163E8,114,TRACK_DEAD,0,0,0,0,0
0x0603E45A,FUN_0601645A,24,TRACK_DEAD,0,0,0,0,0
0x0603E472,FUN_06016472,22,TRACK_DEAD,0,0,0,0,0
0x0603E488,FUN_06016488,28,TRACK_DEAD,0,0,0,0,0
0x0603E4A4,FUN_060164A4,360,TRACK_DEAD,0,0,0,0,0
0x0603E60C,FUN_0601660C,360,TRACK_DEAD,0,0,0,0,0
0x0603E774,FUN_06016774,20,TRACK_DEAD,0,0,0,0,0
0x0603E788,FUN_06016788,40,TRACK_DEAD,0,0,0,0,0
0x0603E7B0,FUN_060167B0,356,TRACK_DEAD,0,0,0,0,0
0x0603E914,FUN_06016914,20,TRACK_DEAD,0,0,0,0,0
0x0603E928,FUN_06016928,42,TRACK_DEAD,0,0,0,0,0
0x0603E952,FUN_06016952,82,TRACK_DEAD,0,0,0,0,0
0x0603E9A4,FUN_060169A4,20,TRACK_DEAD,0,0,0,0,0
0x0603E9B8,FUN_060169B8,42,TRACK_DEAD,0,0,0,0,0
0x0603E9E2,FUN_060169E2,138,TRACK_DEAD,0,0,0,0,0
0x0603EA6C,FUN_06016A6C,20,TRACK_DEAD,0,0,0,0,0
0x0603EA80,FUN_06016A80,42,TRACK_DEAD,0,0,0,0,0
0x0603EAAA,FUN_06016AAA,312,TRACK_DEAD,0,0,0,0,0
0x0603EBE2,FUN_06016BE2,20,TRACK_DEAD,0,0,0,0,0
0x0603EBF6,FUN_06016BF6,80,TRACK_DEAD,0,0,0,0,0
0x0603EC46,FUN_06016C46,14,TRACK_DEAD,0,0,0,0,0
0x0603EC54,FUN_06016C54,50,TRACK_DEAD,0,0,0,0,0
0x0603EC86,FUN_06016C86,14,TRACK_DEAD,0,0,0,0,0
0x0603EC94,FUN_06016C94,92,TRACK_DEAD,0,0,0,0,0
0x0603ECF0,FUN_06016CF0,16,TRACK_DEAD,0,0,0,0,0
0x0603ED00,FUN_06016D00,92,TRACK_DEAD,0,0,0,0,0
0x0603ED5C,FUN_06016D5C,20,TRACK_DEAD,0,0,0,0,0
0x0603ED70,FUN_06016D70,34,TRACK_DEAD,0,0,0,0,0
0x0603ED92,FUN_06016D92,20,TRACK_DEAD,0,0,0,0,0
0x0603EDA6,FUN_06016DA6,34,TRACK_DEAD,0,0,0,0,0
0x0603EDC8,FUN_06016DC8,14,TRACK_DEAD,0,0,0,0,0
0x0603EDD6,FUN_06016DD6,96,TRACK_DEAD,0,0,0,0,0
0x0603EE36,FUN_06016E36,2,TRACK_DEAD,0,0,0,0,0
0x0603EE38,FUN_06016E38,16,TRACK_DEAD,0,0,0,0,0
0x0603EE48,FUN_06016E48,28,TRACK_DEAD,0,0,0,0,0
0x0603EE64,FUN_06016E64,88,TRACK_DEAD,0,0,0,0,0
0x0603EEBC,FUN_06016EBC,202,TRACK_DEAD,0,0,0,0,0
0x0603EF86,FUN_06016F86,182,TRACK_DEAD,0,0,0,0,0
0x0603F03C,FUN_0601703C,24,TRACK_DEAD,0,0,0,0,0
0x0603F054,FUN_06017054,96,TRACK_DEAD,0,0,0,0,0
0x0603F0B4,FUN_060170B4,14,TRACK_DEAD,0,0,0,0,0
0x0603F0C2,FUN_060170C2,76,TRACK_DEAD,0,0,0,0,0
0x0603F10E,FUN_0601710E,8,TRACK_DEAD,0,0,0,0,0
0x0603F116,FUN_06017116,30,TRACK_DEAD,0,0,0,0,0
0x0603F134,FUN_06017134,18,TRACK_DEAD,0,0,0,0,0
0x0603F146,FUN_06017146,32,TRACK_DEAD,0,0,0,0,0
0x0603F166,FUN_06017166,842,TRACK_DEAD,0,0,0,0,0
0x0603F4B0,FUN_060174B0,16,TRACK_DEAD,0,0,0,0,0
0x0603F4C0,FUN_060174C0,68,TRACK_DEAD,0,0,0,0,0
0x0603F504,FUN_06017504,2,TRACK_DEAD,0,0,0,0,0
0x0603F506,FUN_06017506,2,TRACK_DEAD,0,0,0,0,0
0x0603F508,FUN_06017508,44,TRACK_DEAD,0,0,0,0,0
0x0603F534,FUN_06017534,10,TRACK_DEAD,0,0,0,0,0
0x0603F53E,FUN_0601753E,78,TRACK_DEAD,0,0,0,0,0
0x0603F58C,FUN_0601758C,114,TRACK_DEAD,0,0,0,0,0
0x0603F5FE,FUN_060175FE,30,TRACK_DEAD,0,0,0,0,0
0x0603F61C,FUN_0601761C,162,TRACK_DEAD,0,0,0,0,0
0x0603F6BE,FUN_060176BE,20,TRACK_DEAD,0,0,0,0,0
0x0603F6D2,FUN_060176D2,38,TRACK_DEAD,0,0,0,0,0
0x0603F6F8,FUN_060176F8,106,TRACK_DEAD,0,0,0,0,0
0x0603F762,FUN_06017762,14,TRACK_DEAD,0,0,0,0,0
0x0603F770,FUN_06017770,72,TRACK_DEAD,0,0,0,0,0
0x0603F7B8,FUN_060177B8,244,TRACK_DEAD,0,0,0,0,0
0x0603F8AC,FUN_060178AC,242,TRACK_DEAD,0,0,0,0,0
0x0603F99E,FUN_0601799E,20,TRACK_DEAD,0,0,0,0,0
0x0603F9B2,FUN_060179B2,54,TRACK_DEAD,0,0,0,0,0
0x0603F9E8,FUN_060179E8,20,TRACK_DEAD,0,0,0,0,0
0x0603F9FC,FUN_060179FC,34,TRACK_DEAD,0,0,0,0,0
0x0603FA1E,FUN_06017A1E,20,TRACK_DEAD,0,0,0,0,0
0x0603FA32,FUN_06017A32,34,TRACK_DEAD,0,0,0,0,0
0x0603FA54,FUN_06017A54,8,TRACK_DEAD,0,0,0,0,0
0x0603FA5C,FUN_06017A5C,76,TRACK_DEAD,0,0,0,0,0
0x0603FAA8,FUN_06017AA8,340,TRACK_DEAD,0,0,0,0,0
0x0603FBFC,FUN_06017BFC,2,TRACK_DEAD,0,0,0,0,0
0x0603FBFE,FUN_06017BFE,18,TRACK_DEAD,0,0,0,0,0
0x0603FC10,FUN_06017C10,162,TRACK_DEAD,0,0,0,0,0
0x0603FCB2,FUN_06017CB2,44,TRACK_DEAD,0,0,0,0,0
0x0603FCDE,FUN_06017CDE,22,TRACK_DEAD,0,0,0,0,0
0x0603FCF4,FUN_06017CF4,24,TRACK_DEAD,0,0,0,0,0
0x0603FD0C,FUN_06017D0C,20,TRACK_DEAD,0,0,0,0,0
0x0603FD20,FUN_06017D20,184,TRACK_DEAD,0,0,0,0,0
0x0603FDD8,FUN_06017DD8,188,TRACK_DEAD,0,0,0,0,0
0x0603FE94,FUN_06017E94,84,TRACK_DEAD,0,0,0,0,0
0x0603FEE8,FUN_06017EE8,170,TRACK_DEAD,0,0,0,0,0
0x0603FF92,FUN_06017F92,50,TRACK_DEAD,0,0,0,0,0
0x0603FFC4,FUN_06017FC4,12,TRACK_DEAD,0,0,0,0,0
0x0603FFD0,FUN_06017FD0,80,TRACK_DEAD,0,0,0,0,0
0x06040020,FUN_06018020,12,TRACK_DEAD,0,0,0,0,0
0x0604002C,FUN_0601802C,72,TRACK_DEAD,0,0,0,0,0
0x06040074,FUN_06018074,12,TRACK_DEAD,0,0,0,0,0
0x06040080,FUN_06018080,54,TRACK_DEAD,0,0,0,0,0
0x060400B6,FUN_060180B6,14,TRACK_DEAD,0,0,0,0,0
0x060400C4,FUN_060180C4,52,TRACK_DEAD,0,0,0,0,0
0x060400F8,FUN_060180F8,356,TRACK_DEAD,0,0,0,0,0
0x0604025C,FUN_0601825C,36,TRACK_DEAD,0,0,0,0,0
0x06040280,FUN_06018280,36,TRACK_DEAD,0,0,0,0,0
0x060402A4,FUN_060182A4,372,TRACK_DEAD,0,0,0,0,0
0x06040418,FUN_06018418,104,TRACK_DEAD,0,0,0,0,0
0x06040480,FUN_06018480,446,TRACK_AGNOSTIC,4,6,6,6,8
0x0604063E,FUN_0601863E,16,TRACK_AGNOSTIC,4,14,14,14,14
0x0604064E,FUN_0601864E,390,TRACK_AGNOSTIC,4,274,274,274,274
0x060407D4,FUN_060187D4,140,TRACK_AGNOSTIC,4,82,82,82,82
0x06040860,FUN_06018860,516,TRACK_AGNOSTIC,4,160,158,124,156
0x06040A64,FUN_06018A64,26,TRACK_DEAD,0,0,0,0,0
0x06040A7E,FUN_06018A7E,270,TRACK_PARTIAL,3,4,4,0,4
0x06040B8C,FUN_06018B8C,16,TRACK_DEAD,0,0,0,0,0
0x06040B9C,FUN_06018B9C,340,TRACK_DEAD,0,0,0,0,0
0x06040CF0,FUN_06018CF0,220,TRACK_DEAD,0,0,0,0,0
0x06040DCC,FUN_06018DCC,32,TRACK_DEAD,0,0,0,0,0
0x06040DEC,FUN_06018DEC,48,TRACK_DEAD,0,0,0,0,0
0x06040E1C,FUN_06018E1C,48,TRACK_DEAD,0,0,0,0,0
0x06040E4C,FUN_06018E4C,68,TRACK_AGNOSTIC,4,12,12,12,12
0x06040E90,FUN_06018E90,16,TRACK_DEAD,0,0,0,0,0
0x06040EA0,FUN_06018EA0,324,TRACK_DEAD,0,0,0,0,0
0x06040FE4,FUN_06018FE4,54,TRACK_DEAD,0,0,0,0,0
0x0604101A,FUN_0601901A,152,TRACK_DEAD,0,0,0,0,0
0x060410B2,FUN_060190B2,986,TRACK_DEAD,0,0,0,0,0
0x0604148C,FUN_0601948C,614,TRACK_DEAD,0,0,0,0,0
0x060416F2,FUN_060196F2,138,TRACK_AGNOSTIC,4,52,52,52,52
0x0604177C,FUN_0601977C,2320,TRACK_AGNOSTIC,4,304,226,578,322
0x0604208C,FUN_0601A08C,848,TRACK_AGNOSTIC,4,84,158,258,320
0x060423DC,FUN_0601A3DC,120,TRACK_AGNOSTIC,4,114,114,114,114
0x06042454,FUN_0601A454,100,TRACK_PARTIAL,2,0,84,84,0
0x060424B8,FUN_0601A4B8,180,TRACK_PARTIAL,3,0,38,104,104
0x0604256C,FUN_0601A56C,112,TRACK_DEAD,0,0,0,0,0
0x060425DC,FUN_0601A5DC,112,TRACK_AGNOSTIC,4,68,68,68,68
0x0604264C,FUN_0601A64C,844,TRACK_AGNOSTIC,4,130,130,130,130
0x06042998,FUN_0601A998,54,TRACK_DEAD,0,0,0,0,0
0x060429CE,FUN_0601A9CE,8,TRACK_PARTIAL,1,0,6,0,0
0x060429D6,FUN_0601A9D6,290,TRACK_PARTIAL,1,0,166,0,0
0x06042AF8,FUN_0601AAF8,124,TRACK_PARTIAL,1,0,102,0,0
0x06042B74,FUN_0601AB74,10,TRACK_PARTIAL,1,0,8,0,0
0x06042B7E,FUN_0601AB7E,230,TRACK_PARTIAL,1,0,140,0,0
0x06042C64,FUN_0601AC64,12,TRACK_PARTIAL,1,0,10,0,0
0x06042C70,FUN_0601AC70,116,TRACK_PARTIAL,1,0,32,0,0
0x06042CE4,FUN_0601ACE4,224,TRACK_PARTIAL,1,0,168,0,0
0x06042DC4,FUN_0601ADC4,52,TRACK_DEAD,0,0,0,0,0
0x06042DF8,FUN_0601ADF8,28,TRACK_DEAD,0,0,0,0,0
0x06042E14,FUN_0601AE14,280,TRACK_DEAD,0,0,0,0,0
0x06042F2C,FUN_0601AF2C,484,TRACK_DEAD,0,0,0,0,0
0x06043110,FUN_0601B110,20,TRACK_DEAD,0,0,0,0,0
0x06043124,FUN_0601B124,212,TRACK_DEAD,0,0,0,0,0
0x060431F8,FUN_0601B1F8,396,TRACK_AGNOSTIC,4,308,308,300,308
0x06043384,FUN_0601B384,108,TRACK_AGNOSTIC,4,66,66,66,66
0x060433F0,FUN_0601B3F0,112,TRACK_DEAD,0,0,0,0,0
0x06043460,FUN_0601B460,112,TRACK_DEAD,0,0,0,0,0
0x060434D0,FUN_0601B4D0,352,TRACK_PARTIAL,1,128,0,0,0
0x06043630,FUN_0601B630,160,TRACK_PARTIAL,1,0,94,0,0
0x060436D0,FUN_0601B6D0,120,TRACK_PARTIAL,1,0,0,70,0
0x06043748,FUN_0601B748,200,TRACK_PARTIAL,1,0,0,124,0
0x06043810,FUN_0601B810,68,TRACK_PARTIAL,1,0,0,36,0
0x06043854,FUN_0601B854,116,TRACK_PARTIAL,1,0,0,0,70
0x060438C8,FUN_0601B8C8,108,TRACK_PARTIAL,1,0,0,0,66
0x06043934,FUN_0601B934,88,TRACK_PARTIAL,1,0,0,0,60
0x0604398C,FUN_0601B98C,104,TRACK_PARTIAL,1,0,58,0,0
0x060439F4,FUN_0601B9F4,272,TRACK_AGNOSTIC,4,18,30,80,12
0x06043B04,FUN_0601BB04,140,TRACK_AGNOSTIC,4,82,86,82,82
0x06043B90,FUN_0601BB90,144,TRACK_PARTIAL,1,0,70,0,0
0x06043C20,FUN_0601BC20,172,TRACK_DEAD,0,0,0,0,0
0x06043CCC,FUN_0601BCCC,16,TRACK_DEAD,0,0,0,0,0
0x06043CDC,FUN_0601BCDC,564,TRACK_DEAD,0,0,0,0,0
0x06043F10,FUN_0601BF10,20,TRACK_DEAD,0,0,0,0,0
0x06043F24,FUN_0601BF24,316,TRACK_DEAD,0,0,0,0,0
0x06044060,FUN_0601C060,128,TRACK_AGNOSTIC,4,72,72,72,72
0x060440E0,FUN_0601C0E0,88,TRACK_AGNOSTIC,4,62,62,62,62
0x06044138,FUN_0601C138,524,TRACK_DEAD,0,0,0,0,0
0x06044344,FUN_0601C344,580,TRACK_AGNOSTIC,4,306,306,306,306
0x06044588,FUN_0601C588,364,TRACK_DEAD,0,0,0,0,0
0x060446F4,FUN_0601C6F4,148,TRACK_DEAD,0,0,0,0,0
0x06044788,FUN_0601C788,172,TRACK_DEAD,0,0,0,0,0
0x06044834,FUN_0601C834,20,TRACK_AGNOSTIC,4,18,18,18,18
0x06044848,FUN_0601C848,344,TRACK_AGNOSTIC,4,92,92,92,92
0x060449A0,FUN_0601C9A0,12,TRACK_DEAD,0,0,0,0,0
0x060449AC,FUN_0601C9AC,10,TRACK_AGNOSTIC,4,8,8,8,8
0x060449B6,FUN_0601C9B6,228,TRACK_AGNOSTIC,4,160,160,160,160
0x06044A9A,FUN_0601CA9A,134,TRACK_DEAD,0,0,0,0,0
0x06044B20,FUN_0601CB20,172,TRACK_DEAD,0,0,0,0,0
0x06044BCC,FUN_0601CBCC,408,TRACK_DEAD,0,0,0,0,0
0x06044D64,FUN_0601CD64,16,TRACK_DEAD,0,0,0,0,0
0x06044D74,FUN_0601CD74,12,TRACK_AGNOSTIC,4,10,10,10,10
0x06044D80,FUN_0601CD80,40,TRACK_AGNOSTIC,4,32,32,32,32
0x06044DA8,FUN_0601CDA8,16,TRACK_DEAD,0,0,0,0,0
0x06044DB8,FUN_0601CDB8,112,TRACK_AGNOSTIC,4,104,104,104,104
0x06044E28,FUN_0601CE28,20,TRACK_AGNOSTIC,4,16,16,16,16
0x06044E3C,FUN_0601CE3C,458,TRACK_AGNOSTIC,4,106,106,140,106
0x06045006,FUN_0601D006,120,TRACK_AGNOSTIC,4,86,86,86,86
0x0604507E,FUN_0601D07E,116,TRACK_AGNOSTIC,4,86,86,86,86
0x060450F2,FUN_0601D0F2,166,TRACK_AGNOSTIC,4,82,82,82,82
0x06045198,FUN_0601D198,18,TRACK_DEAD,0,0,0,0,0
0x060451AA,FUN_0601D1AA,18,TRACK_DEAD,0,0,0,0,0
0x060451BC,FUN_0601D1BC,2,TRACK_DEAD,0,0,0,0,0
0x060451BE,FUN_0601D1BE,60,TRACK_DEAD,0,0,0,0,0
0x060451FA,FUN_0601D1FA,32,TRACK_DEAD,0,0,0,0,0
0x0604521A,FUN_0601D21A,32,TRACK_DEAD,0,0,0,0,0
0x0604523A,FUN_0601D23A,182,TRACK_DEAD,0,0,0,0,0
0x060452F0,FUN_0601D2F0,40,TRACK_DEAD,0,0,0,0,0
0x06045318,FUN_0601D318,40,TRACK_DEAD,0,0,0,0,0
0x06045340,FUN_0601D340,40,TRACK_DEAD,0,0,0,0,0
0x06045368,FUN_0601D368,16,TRACK_DEAD,0,0,0,0,0
0x06045378,FUN_0601D378,64,TRACK_DEAD,0,0,0,0,0
0x060453B8,FUN_0601D3B8,16,TRACK_DEAD,0,0,0,0,0
0x060453C8,FUN_0601D3C8,4,TRACK_DEAD,0,0,0,0,0
0x060453CC,FUN_0601D3CC,416,TRACK_DEAD,0,0,0,0,0
0x0604556C,FUN_0601D56C,48,TRACK_DEAD,0,0,0,0,0
0x0604559C,FUN_0601D59C,52,TRACK_DEAD,0,0,0,0,0
0x060455D0,FUN_0601D5D0,18,TRACK_DEAD,0,0,0,0,0
0x060455E2,FUN_0601D5E2,50,TRACK_AGNOSTIC,4,8,8,8,8
0x06045614,FUN_0601D614,12,TRACK_DEAD,0,0,0,0,0
0x06045620,FUN_0601D620,12,TRACK_DEAD,0,0,0,0,0
0x0604562C,FUN_0601D62C,36,TRACK_AGNOSTIC,4,16,16,16,16
0x06045650,FUN_0601D650,20,TRACK_AGNOSTIC,4,18,18,18,18
0x06045664,FUN_0601D664,20,TRACK_AGNOSTIC,4,18,18,18,18
0x06045678,FUN_0601D678,32,TRACK_DEAD,0,0,0,0,0
0x06045698,FUN_0601D698,18,TRACK_AGNOSTIC,4,14,14,14,14
0x060456AA,FUN_0601D6AA,2,TRACK_DEAD,0,0,0,0,0
0x060456AC,FUN_0601D6AC,22,TRACK_DEAD,0,0,0,0,0
0x060456C2,FUN_0601D6C2,10,TRACK_AGNOSTIC,4,2,2,2,2
0x060456CC,FUN_0601D6CC,222,TRACK_AGNOSTIC,4,22,22,22,22
0x060457AA,FUN_0601D7AA,2,TRACK_PARTIAL,3,2,2,0,2
0x060457AC,FUN_0601D7AC,50,TRACK_PARTIAL,3,10,10,0,10
0x060457DE,FUN_0601D7DE,4,TRACK_AGNOSTIC,4,4,4,4,4
0x060457E2,FUN_0601D7E2,118,TRACK_AGNOSTIC,4,68,68,68,68
0x06045858,FUN_0601D858,4,TRACK_DEAD,0,0,0,0,0
0x0604585C,FUN_0601D85C,126,TRACK_DEAD,0,0,0,0,0
0x060458DA,FUN_0601D8DA,4,TRACK_DEAD,0,0,0,0,0
0x060458DE,FUN_0601D8DE,124,TRACK_DEAD,0,0,0,0,0
0x0604595A,FUN_0601D95A,4,TRACK_AGNOSTIC,4,4,4,4,4
0x0604595E,FUN_0601D95E,102,TRACK_AGNOSTIC,4,82,82,82,82
0x060459C4,FUN_0601D9C4,104,TRACK_AGNOSTIC,4,100,100,100,100
0x06045A2C,FUN_0601DA2C,82,TRACK_AGNOSTIC,4,68,68,68,68
0x06045A7E,FUN_0601DA7E,66,TRACK_AGNOSTIC,4,46,46,46,50
0x06045AC0,FUN_0601DAC0,28,TRACK_AGNOSTIC,4,24,24,24,24
0x06045ADC,FUN_0601DADC,24,TRACK_AGNOSTIC,4,22,22,22,22
0x06045AF4,FUN_0601DAF4,28,TRACK_DEAD,0,0,0,0,0
0x06045B10,FUN_0601DB10,56,TRACK_AGNOSTIC,4,50,50,50,50
0x06045B48,FUN_0601DB48,44,TRACK_AGNOSTIC,4,38,38,38,38
0x06045B74,FUN_0601DB74,44,TRACK_AGNOSTIC,4,10,10,10,10
0x06045BA0,FUN_0601DBA0,36,TRACK_AGNOSTIC,4,14,14,14,14
0x06045BC4,FUN_0601DBC4,60,TRACK_AGNOSTIC,4,46,46,46,46
0x06045C00,FUN_0601DC00,156,TRACK_AGNOSTIC,4,104,118,104,118
0x06045C9C,FUN_0601DC9C,48,TRACK_AGNOSTIC,4,46,46,46,46
0x06045CCC,FUN_0601DCCC,112,TRACK_AGNOSTIC,4,44,44,44,44
0x06045D3C,FUN_0601DD3C,46,TRACK_AGNOSTIC,4,42,42,42,42
0x06045D6A,FUN_0601DD6A,64,TRACK_AGNOSTIC,4,36,36,36,36
0x06045DAA,FUN_0601DDAA,34,TRACK_AGNOSTIC,4,30,30,30,30
0x06045DCC,FUN_0601DDCC,58,TRACK_DEAD,0,0,0,0,0
0x06045E06,FUN_0601DE06,62,TRACK_AGNOSTIC,4,52,52,52,52
0x06045E44,FUN_0601DE44,100,TRACK_AGNOSTIC,4,56,56,56,56
0x06045EA8,FUN_0601DEA8,32,TRACK_DEAD,0,0,0,0,0
0x06045EC8,FUN_0601DEC8,32,TRACK_AGNOSTIC,4,30,30,30,30
0x06045EE8,FUN_0601DEE8,36,TRACK_DEAD,0,0,0,0,0
0x06045F0C,FUN_0601DF0C,180,TRACK_DEAD,0,0,0,0,0
0x06045FC0,FUN_0601DFC0,1060,TRACK_AGNOSTIC,4,796,796,792,796
0x060463E4,FUN_0601E3E4,148,TRACK_AGNOSTIC,4,144,144,144,144
0x06046478,FUN_0601E478,168,TRACK_DEAD,0,0,0,0,0
0x06046520,FUN_0601E520,226,TRACK_AGNOSTIC,4,218,218,218,218
0x06046602,FUN_0601E602,8,TRACK_AGNOSTIC,4,6,6,6,6
0x0604660A,FUN_0601E60A,148,TRACK_AGNOSTIC,4,4,4,4,4
0x0604669E,FUN_0601E69E,2,TRACK_DEAD,0,0,0,0,0
0x060466A0,FUN_0601E6A0,108,TRACK_DEAD,0,0,0,0,0
0x0604670C,FUN_0601E70C,66,TRACK_DEAD,0,0,0,0,0
0x0604674E,FUN_0601E74E,100,TRACK_DEAD,0,0,0,0,0
0x060467B2,FUN_0601E7B2,2,TRACK_PARTIAL,1,0,0,0,2
0x060467B4,FUN_0601E7B4,88,TRACK_PARTIAL,1,0,0,0,82
0x0604680C,FUN_0601E80C,162,TRACK_PARTIAL,1,0,0,0,98
0x060468AE,FUN_0601E8AE,2,TRACK_DEAD,0,0,0,0,0
0x060468B0,FUN_0601E8B0,88,TRACK_DEAD,0,0,0,0,0
0x06046908,FUN_0601E908,132,TRACK_DEAD,0,0,0,0,0
0x0604698C,FUN_0601E98C,4,TRACK_AGNOSTIC,4,2,2,2,2
0x06046990,FUN_0601E990,144,TRACK_AGNOSTIC,4,92,94,92,94
0x06046A20,FUN_0601EA20,4,TRACK_AGNOSTIC,4,2,2,2,2
0x06046A24,FUN_0601EA24,108,TRACK_AGNOSTIC,4,78,80,78,80
0x06046A90,FUN_0601EA90,88,TRACK_PARTIAL,2,0,62,0,62
0x06046AE8,FUN_0601EAE8,84,TRACK_PARTIAL,2,0,64,0,64
0x06046B3C,FUN_0601EB3C,40,TRACK_AGNOSTIC,4,34,34,34,34
0x06046B64,FUN_0601EB64,12,TRACK_AGNOSTIC,4,10,10,10,10
0x06046B70,FUN_0601EB70,100,TRACK_AGNOSTIC,4,96,96,96,96
0x06046BD4,FUN_0601EBD4,32,TRACK_AGNOSTIC,4,26,26,26,26
0x06046BF4,FUN_0601EBF4,32,TRACK_AGNOSTIC,4,26,26,26,26
0x06046C14,FUN_0601EC14,284,TRACK_AGNOSTIC,4,112,112,112,112
0x06046D30,FUN_0601ED30,72,TRACK_AGNOSTIC,4,52,52,52,52
0x06046D78,FUN_0601ED78,32,TRACK_AGNOSTIC,4,26,26,26,26
0x06046D98,FUN_0601ED98,118,TRACK_AGNOSTIC,4,116,116,116,116
0x06046E0E,FUN_0601EE0E,86,TRACK_AGNOSTIC,4,56,56,56,56
0x06046E64,FUN_0601EE64,88,TRACK_PARTIAL,2,0,74,0,58
0x06046EBC,FUN_0601EEBC,280,TRACK_AGNOSTIC,4,266,266,266,266
0x06046FD4,FUN_0601EFD4,64,TRACK_AGNOSTIC,4,62,62,62,62
0x06047014,FUN_0601F014,120,TRACK_AGNOSTIC,4,80,80,80,80
0x0604708C,FUN_0601F08C,28,TRACK_AGNOSTIC,4,24,24,24,24
0x060470A8,FUN_0601F0A8,28,TRACK_AGNOSTIC,4,24,24,24,24
0x060470C4,FUN_0601F0C4,18,TRACK_AGNOSTIC,4,14,14,14,14
0x060470D6,FUN_0601F0D6,22,TRACK_DEAD,0,0,0,0,0
0x060470EC,FUN_0601F0EC,18,TRACK_AGNOSTIC,4,14,14,14,14
0x060470FE,FUN_0601F0FE,26,TRACK_AGNOSTIC,4,2,18,2,2
0x06047118,FUN_0601F118,40,TRACK_AGNOSTIC,4,36,36,36,36
0x06047140,FUN_0601F140,68,TRACK_AGNOSTIC,4,60,60,60,60
0x06047184,FUN_0601F184,108,TRACK_AGNOSTIC,4,68,68,68,68
0x060471F0,FUN_0601F1F0,28,TRACK_AGNOSTIC,4,24,24,24,24
0x0604720C,FUN_0601F20C,28,TRACK_AGNOSTIC,4,24,24,24,24
0x06047228,FUN_0601F228,18,TRACK_AGNOSTIC,4,14,14,14,14
0x0604723A,FUN_0601F23A,22,TRACK_AGNOSTIC,4,16,16,16,16
0x06047250,FUN_0601F250,18,TRACK_AGNOSTIC,4,14,14,14,14
0x06047262,FUN_0601F262,26,TRACK_AGNOSTIC,4,18,18,18,18
0x0604727C,FUN_0601F27C,18,TRACK_AGNOSTIC,4,14,14,14,14
0x0604728E,FUN_0601F28E,62,TRACK_AGNOSTIC,4,54,54,54,54
0x060472CC,FUN_0601F2CC,102,TRACK_AGNOSTIC,4,62,62,62,62
0x06047332,FUN_0601F332,72,TRACK_AGNOSTIC,4,68,68,68,68
0x0604737A,FUN_0601F37A,80,TRACK_AGNOSTIC,4,70,70,70,70
0x060473CA,FUN_0601F3CA,74,TRACK_AGNOSTIC,4,70,70,70,70
0x06047414,FUN_0601F414,76,TRACK_PARTIAL,2,0,68,68,0
0x06047460,FUN_0601F460,116,TRACK_DEAD,0,0,0,0,0
0x060474D4,FUN_0601F4D4,180,TRACK_AGNOSTIC,4,34,34,34,34
0x06047588,FUN_0601F588,448,TRACK_AGNOSTIC,4,310,310,310,310
0x06047748,FUN_0601F748,40,TRACK_AGNOSTIC,4,34,34,34,34
0x06047770,FUN_0601F770,100,TRACK_DEAD,0,0,0,0,0
0x060477D4,FUN_0601F7D4,2,TRACK_DEAD,0,0,0,0,0
0x060477D6,FUN_0601F7D6,38,TRACK_AGNOSTIC,4,36,36,36,36
0x060477FC,FUN_0601F7FC,106,TRACK_AGNOSTIC,4,92,92,92,92
0x06047866,FUN_0601F866,180,TRACK_AGNOSTIC,4,26,26,26,26
0x0604791A,FUN_0601F91A,82,TRACK_DEAD,0,0,0,0,0
0x0604796C,FUN_0601F96C,26,TRACK_AGNOSTIC,4,22,22,22,22
0x06047986,FUN_0601F986,26,TRACK_AGNOSTIC,4,14,14,14,14
0x060479A0,FUN_0601F9A0,54,TRACK_DEAD,0,0,0,0,0
0x060479D6,FUN_0601F9D6,50,TRACK_DEAD,0,0,0,0,0
0x06047A08,FUN_0601FA08,124,TRACK_DEAD,0,0,0,0,0
0x06047A84,FUN_0601FA84,92,TRACK_DEAD,0,0,0,0,0
0x06047AE0,FUN_0601FAE0,32,TRACK_DEAD,0,0,0,0,0
0x06047B00,FUN_0601FB00,52,TRACK_DEAD,0,0,0,0,0
0x06047B34,FUN_0601FB34,520,TRACK_AGNOSTIC,4,90,90,90,90
0x06047D3C,FUN_0601FD3C,180,TRACK_AGNOSTIC,4,40,40,102,40
0x06047DF0,FUN_0601FDF0,28,TRACK_DEAD,0,0,0,0,0
0x06047E0C,FUN_0601FE0C,156,TRACK_AGNOSTIC,4,106,106,106,106
0x06047EA8,FUN_0601FEA8,72,TRACK_DEAD,0,0,0,0,0
0x06047EF0,FUN_0601FEF0,352,TRACK_AGNOSTIC,4,54,54,54,54
0x06048050,FUN_06020050,12,TRACK_DEAD,0,0,0,0,0
0x0604805C,FUN_0602005C,104,TRACK_DEAD,0,0,0,0,0
0x060480C4,FUN_060200C4,18,TRACK_DEAD,0,0,0,0,0
0x060480D6,FUN_060200D6,418,TRACK_AGNOSTIC,4,122,122,122,122
0x06048278,FUN_06020278,20,TRACK_DEAD,0,0,0,0,0
0x0604828C,FUN_0602028C,28,TRACK_DEAD,0,0,0,0,0
0x060482A8,FUN_060202A8,17604,TRACK_DEAD,0,0,0,0,0
0x0604C76C,FUN_0602476C,2154,TRACK_AGNOSTIC,4,380,380,354,380
0x0604CFD6,FUN_06024FD6,8,TRACK_DEAD,0,0,0,0,0
0x0604CFDE,FUN_06024FDE,46,TRACK_AGNOSTIC,4,34,34,34,34
0x0604D00C,FUN_0602500C,884,TRACK_AGNOSTIC,4,232,232,232,232
0x0604D380,FUN_06025380,236,TRACK_AGNOSTIC,4,118,118,118,118
0x0604D46C,FUN_0602546C,180,TRACK_DEAD,0,0,0,0,0
0x0604D520,FUN_06025520,32,TRACK_DEAD,0,0,0,0,0
0x0604D540,FUN_06025540,48,TRACK_DEAD,0,0,0,0,0
0x0604D570,FUN_06025570,16,TRACK_PARTIAL,3,10,10,0,10
0x0604D580,FUN_06025580,852,TRACK_AGNOSTIC,4,506,500,498,500
0x0604D8D4,FUN_060258D4,120,TRACK_AGNOSTIC,4,84,84,84,84
0x0604D94C,FUN_0602594C,452,TRACK_AGNOSTIC,4,26,26,26,26
0x0604DB10,FUN_06025B10,304,TRACK_AGNOSTIC,4,254,254,254,254
0x0604DC40,FUN_06025C40,196,TRACK_AGNOSTIC,4,84,84,84,84
0x0604DD04,FUN_06025D04,66,TRACK_AGNOSTIC,4,56,56,56,56
0x0604DD46,FUN_06025D46,4,TRACK_AGNOSTIC,4,4,4,4,4
0x0604DD4A,FUN_06025D4A,226,TRACK_AGNOSTIC,4,94,94,94,94
0x0604DE2C,FUN_06025E2C,110,TRACK_DEAD,0,0,0,0,0
0x0604DE9A,FUN_06025E9A,100,TRACK_DEAD,0,0,0,0,0
0x0604DEFE,FUN_06025EFE,4,TRACK_DEAD,0,0,0,0,0
0x0604DF02,FUN_06025F02,318,TRACK_DEAD,0,0,0,0,0
0x0604E040,FUN_06026040,90,TRACK_DEAD,0,0,0,0,0
0x0604E09A,FUN_0602609A,34,TRACK_DEAD,0,0,0,0,0
0x0604E0BC,FUN_060260BC,58,TRACK_DEAD,0,0,0,0,0
0x0604E0F6,FUN_060260F6,10574,TRACK_DEAD,0,0,0,0,0
